id	title	description	link	image_link	additional_image_link	availability	price	sale_price	brand	gtin	mpn	condition	identifier_exists	google_product_category	product_type	shipping	shipping_weight	tax	multipack	is_bundle	age_group	adult	country_of_origin	manufacturer	custom_label_0	custom_label_1	custom_label_2	custom_label_3	custom_label_4
KD-001	"Halal ""Beef"" Sausages (80g × 6 pcs) — Kazan Delicacies"	"Professional ""Beef"" sausages tailored for HORECA and gourmet hot dogs. These heat-stable sausages do not shrink and perfectly retain their shape during cooking. With a firm texture and a rich spice profile (cardamom, black pepper), they serve as a premium alternative to traditional savory meat links. Ingredients: high-quality beef, poultry, natural spices. Skinless, GMO-free. Shelf life: 360 days at –18°C. HALAL certified #614A/2024 (DUM RT). HACCP & ISO 22000. 100% pork-free. Wholesale from Kazan (Tatarstan, Russia). EXW Kazan / DC Lyubertsy."	https://pepperoni.tatar/en/products/kd-001	https://res.cloudinary.com/duygfl3vz/image/upload/v1772730305/sosiski_v_razreze_iz_govadiny_vonrzp.jpg	https://res.cloudinary.com/duygfl3vz/image/upload/v1772730305/sosiski_dla_hot_dogov_iz_govadiny_1_o1qjh8.jpg,https://res.cloudinary.com/duygfl3vz/image/upload/v1772700262/zakrytyi_hot_dog_1.1_wus1jd.jpg	in_stock	290.00 RUB		Kazan Delicacies	4680638720608	999969	new	yes	5740	"Frozen Products > Grill Sausages for Hot Dogs > Halal ""Beef"" Sausages (80g × 6 pcs) — Kazan Delicacies"	RU:::0.00 RUB	0.480 kg	RU:20:y		no	adult	no	RU	Kazan Delicacies	halal	frozen	Grill Sausages for Hot Dogs	Vacuum-packed	halal-#614A/2024
KD-002	Halal Turkey and Chicken Sausages (80 g × 6 pcs) — Kazan Delicacies	Hot Dog and HORECA Sausages (6 pcs, 480 g) - thermostable Professional Turkey and Chicken Sausages for Hot Dogs, Breakfasts, and Grills. Professional Turkey and Chicken Sausages are a versatile solution for HORECA, grill bars, and hot dogs. The balance of rich turkey and tender chicken creates a soft texture and delicate flavor. Thanks to the thermostable formulation, the sausages are resistant to frying and grilling, and retain their juiciness and shape. Aroma: meaty with notes of nutmeg and cardamom. Taste: balanced, less fatty, with a firm casing and juicy crumb. Suitable for hot dogs, breakfasts, and grill menus. HALAL certified #614A/2024 (DUM RT). HACCP & ISO 22000. 100% pork-free. Wholesale from Kazan (Tatarstan, Russia). EXW Kazan / DC Lyubertsy.	https://pepperoni.tatar/en/products/kd-002	https://res.cloudinary.com/duygfl3vz/image/upload/v1772730310/sosiski_2_masa_1.2_c1zz9d.jpg	https://res.cloudinary.com/duygfl3vz/image/upload/v1772730305/sosiski_dla_hot_dogov_dva_masa_qafusm.jpg,https://res.cloudinary.com/duygfl3vz/image/upload/v1772700280/0413-FELI4477_mluz2n.jpg	in_stock	286.00 RUB		Kazan Delicacies	4680638720622	999880	new	yes	5740	Frozen Products > Grill Sausages for Hot Dogs > Halal Turkey and Chicken Sausages (80 g × 6 pcs) — Kazan Delicacies	RU:::0.00 RUB	0.480 kg	RU:20:y		no	adult	no	RU	Kazan Delicacies	halal	frozen	Grill Sausages for Hot Dogs	Vacuum-packed	halal-#614A/2024
KD-003	Halal Sausages with Gouda cheese and a mixture of three peppers (80 g × 6 pcs) — Kazan Delicacies	Sausages for hot dogs and HORECA (6 pcs, 480 g) — thermostable Spicy meat sausages with cheese and spices for hot dogs and grilling. Professional sausages with Gouda cheese and a mixture of three peppers (black, white, and red) — a bright solution for HORECA, grill menus, and hot dogs. The spicy, but not too hot, flavor enhances the meat base, while the cheese adds softness and a slight sweetness. The aroma is spicy, with mild pepper notes and a hint of cheese sweetness. The taste is savory, well-balanced, and has a vibrant spicy flavor. These dogs are perfect for hot dogs, grilling, and serving with side dishes like sauerkraut, pickled vegetables, and spicy sauces. HALAL certified #614A/2024 (DUM RT). HACCP & ISO 22000. 100% pork-free. Wholesale from Kazan (Tatarstan, Russia). EXW Kazan / DC Lyubertsy.	https://pepperoni.tatar/en/products/kd-003	https://res.cloudinary.com/duygfl3vz/image/upload/v1772730316/sosiski_tri_perza_s_syrom_80_g_6_st_gjatow.jpg	https://res.cloudinary.com/duygfl3vz/image/upload/v1772730300/sosiski_dla_hot_dogov_tri_perza_s_syrom_v7sbbt.jpg,https://res.cloudinary.com/duygfl3vz/image/upload/v1772700280/0413-FELI4477_mluz2n.jpg	in_stock	316.00 RUB		Kazan Delicacies	4680638720646	999883	new	yes	5740	Frozen Products > Grill Sausages for Hot Dogs > Halal Sausages with Gouda cheese and a mixture of three peppers (80 g × 6 pcs) — Kazan Delicacies	RU:::0.00 RUB	0.480 kg	RU:20:y		no	adult	no	RU	Kazan Delicacies	halal	frozen	Grill Sausages for Hot Dogs	Vacuum-packed	halal-#614A/2024
KD-004	Halal Chicken Sausages (80 g × 6 pieces) — Kazan Delicacies	Professional chicken sausages are a convenient solution for HORECA, breakfasts, and hot dogs. Suitable for grilling, roller grilling, or frying. The dense texture and natural spices give a mild and rich flavor. Ingredients: chicken fillet, ham hock meat, chicken skin, vegetable fiber, flour, water, salt, and spices. No casing. Shelf life: 360 days at -18°C. HALAL certified #614A/2024 (DUM RT). HACCP & ISO 22000. 100% pork-free. Wholesale from Kazan (Tatarstan, Russia). EXW Kazan / DC Lyubertsy.	https://pepperoni.tatar/en/products/kd-004	https://res.cloudinary.com/duygfl3vz/image/upload/v1772730326/sosiski_gril__kurinye_bjrpdn.jpg	https://res.cloudinary.com/duygfl3vz/image/upload/v1772730326/sosiski_kurinye_80_g_6_st_b8c74f.jpg,https://res.cloudinary.com/duygfl3vz/image/upload/v1772700280/0413-FELI4477_mluz2n.jpg	in_stock	286.00 RUB		Kazan Delicacies	4680638720431	800049	new	yes	5740	Frozen Products > Grill Sausages for Hot Dogs > Halal Chicken Sausages (80 g × 6 pieces) — Kazan Delicacies	RU:::0.00 RUB	0.480 kg	RU:20:y		no	adult	no	RU	Kazan Delicacies	halal	frozen	Grill Sausages for Hot Dogs	Vacuum-packed	halal-#614A/2024
KD-005	Halal Lamb sausages (80 g × 6 pcs) — Kazan Delicacies	Professional lamb sausages are a bright solution for HORECA, grill menus, and themed hot dogs. The rich flavor with a distinctive spiciness and slight oiliness enhances the pronounced meat note. The aroma is spicy and vegetable with a bright hint of lamb. The sausages can withstand high temperatures, forming an appetizing crispy crust and maintaining their juiciness. They are suitable for serving in pita bread, with oriental sauces, and as part of grill sets. HALAL certified #614A/2024 (DUM RT). HACCP & ISO 22000. 100% pork-free. Wholesale from Kazan (Tatarstan, Russia). EXW Kazan / DC Lyubertsy.	https://pepperoni.tatar/en/products/kd-005	https://res.cloudinary.com/duygfl3vz/image/upload/v1772730302/sosiski_iz_baraniny_1.0_begzsd.jpg	https://res.cloudinary.com/duygfl3vz/image/upload/v1772730302/sosiski_dla_hot_dogov_s_baraninoi%CC%86_nw1xi2.jpg,https://res.cloudinary.com/duygfl3vz/image/upload/v1772700280/0413-FELI4477_mluz2n.jpg	in_stock	366.00 RUB		Kazan Delicacies	4680638720950	999969	new	yes	5740	Frozen Products > Grill Sausages for Hot Dogs > Halal Lamb sausages (80 g × 6 pcs) — Kazan Delicacies	RU:::0.00 RUB	0.480 kg	RU:20:y		no	adult	no	RU	Kazan Delicacies	halal	frozen	Grill Sausages for Hot Dogs	Vacuum-packed	halal-#614A/2024
KD-006	Halal Hot Dog Grill Sausages with Herbs (130 g × 5 pcs) — Kazan Delicacies	Professional Grill Sausages with Herbs are an excellent solution for HORECA, fast food, and hot dogs. Thanks to their thermostable formulation, they retain their shape and juiciness when cooked on a grill, roller grill, or frying pan. The aroma of herbs and spices gives the product a rich and appetizing flavor. Ingredients: turkey meat, milk powder, water, flour, vegetable fiber, salt, and a complex blend of spices. No casing. Shelf life: 360 days at -18°C. HALAL certified #614A/2024 (DUM RT). HACCP & ISO 22000. 100% pork-free. Wholesale from Kazan (Tatarstan, Russia). EXW Kazan / DC Lyubertsy.	https://pepperoni.tatar/en/products/kd-006	https://res.cloudinary.com/duygfl3vz/image/upload/v1772730306/sosiski_v_razreze_s_travami_vc0nyj.jpg	https://res.cloudinary.com/duygfl3vz/image/upload/v1772730302/sosiski_dla_hot_dogov_s_travami_ruptjj.jpg,https://res.cloudinary.com/duygfl3vz/image/upload/v1772700248/zakrytyi%CC%86_hot_dog_1_aub6tl.jpg	in_stock	424.00 RUB		Kazan Delicacies	4680638720936	999970	new	yes	5740	Frozen Products > Grill Sausages for Hot Dogs > Halal Hot Dog Grill Sausages with Herbs (130 g × 5 pcs) — Kazan Delicacies	RU:::0.00 RUB	0.650 kg	RU:20:y		no	adult	no	RU	Kazan Delicacies	halal	frozen	Grill Sausages for Hot Dogs	Vacuum-packed	halal-#614A/2024
KD-007	Halal Hot Dog Grill Sausages with Cheese (130 g × 5 pcs) — Kazan Delicacies	Professional grilled sausages with cheese are an excellent solution for HORECA, fast food, and hot dogs. Thanks to their thermostable formula, they retain their shape and juiciness when cooked on a grill, roller grill, or frying pan. The delicate melted cheese and balanced spices give the product a rich flavor.e, and a complex blend of spices. No casing. Shelf life: 360 days at –18 °C. HALAL certified #614A/2024 (DUM RT). HACCP & ISO 22000. 100% pork-free. Wholesale from Kazan (Tatarstan, Russia). EXW Kazan / DC Lyubertsy.	https://pepperoni.tatar/en/products/kd-007	https://res.cloudinary.com/duygfl3vz/image/upload/v1772730303/sosiski_dla_hot_dogov_prosto_s_syrom_fhqdsp.jpg	https://res.cloudinary.com/duygfl3vz/image/upload/v1772730302/sosiski_dla_hot_dogov_s_syrom_1_ncg3x7.jpg,https://res.cloudinary.com/duygfl3vz/image/upload/v1772700248/zakrytyi%CC%86_hot_dog_1_aub6tl.jpg	in_stock	455.00 RUB		Kazan Delicacies	4680638720943	999982	new	yes	5740	Frozen Products > Grill Sausages for Hot Dogs > Halal Hot Dog Grill Sausages with Cheese (130 g × 5 pcs) — Kazan Delicacies	RU:::0.00 RUB	0.650 kg	RU:20:y		no	adult	no	RU	Kazan Delicacies	halal	frozen	Grill Sausages for Hot Dogs	Vacuum-packed	halal-#614A/2024
KD-008	Juicy halal patty made from selected beef and chicken thigh fillet, seasoned only with salt and ground black pepper. The delicate structure of the chi	Juicy halal patty made from selected beef and chicken thigh fillet, seasoned only with salt and ground black pepper. The delicate structure of the chi — halal burger patties from Kazan Delicacies, frozen products category. Net weight: 0,3 kg. Shelf life: 360 days. Storage: –18°C. HALAL certified #614A/2024 (DUM RT). HACCP & ISO 22000. 100% pork-free. Wholesale from Kazan (Tatarstan, Russia). EXW Kazan / DC Lyubertsy.	https://pepperoni.tatar/en/products/kd-008	https://res.cloudinary.com/duygfl3vz/image/upload/v1772730323/kotleta_gotovaa_1.1_zthudt.jpg	https://res.cloudinary.com/duygfl3vz/image/upload/v1772730318/kotlety_iz_govadiny_gotovye_x1c0ov.jpg	in_stock	276.00 RUB		Kazan Delicacies	4620016152911	800041	new	yes	420	Frozen Products > Burger Patties > Juicy halal patty made from selected beef and chicken thigh fillet, seasoned only with salt and ground black pepper. The delicate structure of the chi	RU:::0.00 RUB	0.300 kg	RU:20:y		no	adult	no	RU	Kazan Delicacies	halal	frozen	Burger Patties	Vacuum-packed	halal-#614A/2024
KD-009	Juicy halal patty made from selected beef and chicken thigh fillet, seasoned only with salt and ground black pepper. The delicate structure of the chi	Juicy halal patty made from selected beef and chicken thigh fillet, seasoned only with salt and ground black pepper. The delicate structure of the chi — halal burger patties from Kazan Delicacies, frozen products category. Net weight: 0,3 kg. Shelf life: 360 days. Storage: –18°C. HALAL certified #614A/2024 (DUM RT). HACCP & ISO 22000. 100% pork-free. Wholesale from Kazan (Tatarstan, Russia). EXW Kazan / DC Lyubertsy.	https://pepperoni.tatar/en/products/kd-009	https://res.cloudinary.com/duygfl3vz/image/upload/v1772730323/kotleta_gotovaa_1.0_l9kaas.jpg	https://res.cloudinary.com/duygfl3vz/image/upload/v1772730324/gotovye_kotlety_iz_govadiny_qdi2mt.jpg	in_stock	276.00 RUB		Kazan Delicacies	4620016152911	800043	new	yes	420	Frozen Products > Burger Patties > Juicy halal patty made from selected beef and chicken thigh fillet, seasoned only with salt and ground black pepper. The delicate structure of the chi	RU:::0.00 RUB	0.300 kg	RU:20:y		no	adult	no	RU	Kazan Delicacies	halal	frozen	Burger Patties	Vacuum-packed	halal-#614A/2024
KD-010	Halal Chicken Ham (whole) — Kazan Delicacies	Halal Chicken Ham (whole) — Kazan Delicacies — halal toppings from Kazan Delicacies, frozen products category. Net weight: 1 kg. Shelf life: 360 days. Storage: –18°C. HALAL certified #614A/2024 (DUM RT). HACCP & ISO 22000. 100% pork-free. Wholesale from Kazan (Tatarstan, Russia). EXW Kazan / DC Lyubertsy.	https://pepperoni.tatar/en/products/kd-010	https://res.cloudinary.com/duygfl3vz/image/upload/v1778598108/products/vetcina-iz-kuricy-v-batone.jpg		in_stock	611.00 RUB		Kazan Delicacies		999941	new	no	420	Frozen Products > Toppings > Halal Chicken Ham (whole) — Kazan Delicacies	RU:::0.00 RUB	1.000 kg	RU:20:y		no	adult	no	RU	Kazan Delicacies	halal	frozen	Toppings		halal-#614A/2024
KD-011	Halal Chicken Ham (sliced) — Kazan Delicacies	Halal Chicken Ham (sliced) — Kazan Delicacies — halal toppings from Kazan Delicacies, frozen products category. Net weight: 0,5 kg. Shelf life: 180 days. Storage: –18°C. HALAL certified #614A/2024 (DUM RT). HACCP & ISO 22000. 100% pork-free. Wholesale from Kazan (Tatarstan, Russia). EXW Kazan / DC Lyubertsy.	https://pepperoni.tatar/en/products/kd-011	https://res.cloudinary.com/duygfl3vz/image/upload/v1778598108/products/vetcina-iz-kuricy-v-batone.jpg		in_stock	325.00 RUB		Kazan Delicacies		KD-011	new	no	420	Frozen Products > Toppings > Halal Chicken Ham (sliced) — Kazan Delicacies	RU:::0.00 RUB	0.500 kg	RU:20:y		no	adult	no	RU	Kazan Delicacies	halal	frozen	Toppings		halal-#614A/2024
KD-012	Halal Turkey Ham (whole) — Kazan Delicacies	Halal Turkey Ham (whole) — Kazan Delicacies — halal toppings from Kazan Delicacies, frozen products category. Net weight: 1 kg. Shelf life: 360 days. Storage: –18°C. HALAL certified #614A/2024 (DUM RT). HACCP & ISO 22000. 100% pork-free. Wholesale from Kazan (Tatarstan, Russia). EXW Kazan / DC Lyubertsy.	https://pepperoni.tatar/en/products/kd-012	https://res.cloudinary.com/duygfl3vz/image/upload/v1778598109/products/vetcina-iz-indeiki-v-batone.jpg		in_stock	660.00 RUB		Kazan Delicacies		999946	new	no	420	Frozen Products > Toppings > Halal Turkey Ham (whole) — Kazan Delicacies	RU:::0.00 RUB	1.000 kg	RU:20:y		no	adult	no	RU	Kazan Delicacies	halal	frozen	Toppings		halal-#614A/2024
KD-013	Halal Turkey Ham (sliced) — Kazan Delicacies	Halal Turkey Ham (sliced) — Kazan Delicacies — halal toppings from Kazan Delicacies, frozen products category. Net weight: 0,5 kg. Shelf life: 180 days. Storage: –18°C. HALAL certified #614A/2024 (DUM RT). HACCP & ISO 22000. 100% pork-free. Wholesale from Kazan (Tatarstan, Russia). EXW Kazan / DC Lyubertsy.	https://pepperoni.tatar/en/products/kd-013	https://res.cloudinary.com/duygfl3vz/image/upload/v1778598109/products/vetcina-iz-indeiki-v-batone.jpg		in_stock	350.00 RUB		Kazan Delicacies		KD-013	new	no	420	Frozen Products > Toppings > Halal Turkey Ham (sliced) — Kazan Delicacies	RU:::0.00 RUB	0.500 kg	RU:20:y		no	adult	no	RU	Kazan Delicacies	halal	frozen	Toppings		halal-#614A/2024
KD-014	Halal Boiled-Smoked Pepperoni (horse meat) — Kazan Delicacies	Halal Boiled-Smoked Pepperoni (horse meat) — Kazan Delicacies — halal toppings from Kazan Delicacies, frozen products category. Net weight: 0,5 kg. Shelf life: 360 days. Storage: –18°C. HALAL certified #614A/2024 (DUM RT). HACCP & ISO 22000. 100% pork-free. Wholesale from Kazan (Tatarstan, Russia). EXW Kazan / DC Lyubertsy.	https://pepperoni.tatar/en/products/kd-014	https://res.cloudinary.com/duygfl3vz/image/upload/v1778598112/products/pepperoni-syrokopcheny.jpg	https://res.cloudinary.com/duygfl3vz/image/upload/v1778598114/products/pepperoni-v-razreze.jpg	in_stock	315.00 RUB		Kazan Delicacies		KD-014	new	no	420	Frozen Products > Toppings > Halal Boiled-Smoked Pepperoni (horse meat) — Kazan Delicacies	RU:::0.00 RUB	0.500 kg	RU:20:y		no	adult	no	RU	Kazan Delicacies	halal	frozen	Toppings		halal-#614A/2024
KD-015	Halal Boiled-Smoked Pepperoni Classic (beef & chicken) — Kazan Delicacies	Halal Boiled-Smoked Pepperoni Classic (beef & chicken) — Kazan Delicacies — halal toppings from Kazan Delicacies, frozen products category. Net weight: 0,5 kg. Shelf life: 360 days. Storage: –18°C. HALAL certified #614A/2024 (DUM RT). HACCP & ISO 22000. 100% pork-free. Wholesale from Kazan (Tatarstan, Russia). EXW Kazan / DC Lyubertsy.	https://pepperoni.tatar/en/products/kd-015	https://res.cloudinary.com/duygfl3vz/image/upload/v1778598112/products/pepperoni-syrokopcheny.jpg	https://res.cloudinary.com/duygfl3vz/image/upload/v1778598114/products/pepperoni-v-razreze.jpg	in_stock	274.00 RUB		Kazan Delicacies		KD-015	new	no	420	Frozen Products > Toppings > Halal Boiled-Smoked Pepperoni Classic (beef & chicken) — Kazan Delicacies	RU:::0.00 RUB	0.500 kg	RU:20:y		no	adult	no	RU	Kazan Delicacies	halal	frozen	Toppings		halal-#614A/2024
KD-016	Halal Boiled-Smoked Pepperoni Classic (whole stick, beef & chicken) — Kazan Delicacies	Halal Boiled-Smoked Pepperoni Classic (whole stick, beef & chicken) — Kazan Delicacies — halal toppings from Kazan Delicacies, frozen products category. Net weight: 1 kg. Shelf life: 360 days. Storage: –18°C. HALAL certified #614A/2024 (DUM RT). HACCP & ISO 22000. 100% pork-free. Wholesale from Kazan (Tatarstan, Russia). EXW Kazan / DC Lyubertsy.	https://pepperoni.tatar/en/products/kd-016	https://res.cloudinary.com/duygfl3vz/image/upload/v1778598113/products/pepperoni-celaya.jpg	https://res.cloudinary.com/duygfl3vz/image/upload/v1778598114/products/pepperoni-v-razreze.jpg	in_stock	457.00 RUB		Kazan Delicacies		KD-016	new	no	420	Frozen Products > Toppings > Halal Boiled-Smoked Pepperoni Classic (whole stick, beef & chicken) — Kazan Delicacies	RU:::0.00 RUB	1.000 kg	RU:20:y		no	adult	no	RU	Kazan Delicacies	halal	frozen	Toppings		halal-#614A/2024
KD-017	Peperon (sliced) Halal (500 g) — Kazan Delicacies	Peperon Halal (sliced) - a convenient solution for pizzerias, restaurants and HORECA. Ready-made serving slices allow you to quickly use the product for pizza, sandwiches and hot snacks. Due to the balanced recipe and spices, pepperoni has a bright taste and appetizing aroma.e color fixative, and a complex blend of spices. Does not contain GMOs. Shelf life: 90 days at -18°C. HALAL certified #614A/2024 (DUM RT). HACCP & ISO 22000. 100% pork-free. Wholesale from Kazan (Tatarstan, Russia). EXW Kazan / DC Lyubertsy.	https://pepperoni.tatar/en/products/kd-017	https://res.cloudinary.com/duygfl3vz/image/upload/v1772730310/pepperoni_6_st_yujwot.jpg		in_stock	380.00 RUB		Kazan Delicacies		KD-017	new	no	420	Frozen Products > Toppings > Peperon (sliced) Halal (500 g) — Kazan Delicacies	RU:::0.00 RUB	0.500 kg	RU:20:y		no	adult	no	RU	Kazan Delicacies	halal	frozen	Toppings		halal-#614A/2024
KD-018	Halal Dry-Cured Pepperoni (whole stick, beef & chicken) — Kazan Delicacies	Halal Dry-Cured Pepperoni (whole stick, beef & chicken) — Kazan Delicacies — halal toppings from Kazan Delicacies, frozen products category. Net weight: 1 kg. Shelf life: 360 days. Storage: –18°C. HALAL certified #614A/2024 (DUM RT). HACCP & ISO 22000. 100% pork-free. Wholesale from Kazan (Tatarstan, Russia). EXW Kazan / DC Lyubertsy.	https://pepperoni.tatar/en/products/kd-018	https://res.cloudinary.com/duygfl3vz/image/upload/v1778598113/products/pepperoni-celaya.jpg	https://res.cloudinary.com/duygfl3vz/image/upload/v1778598114/products/pepperoni-v-razreze.jpg	in_stock	608.00 RUB		Kazan Delicacies		KD-018	new	no	420	Frozen Products > Toppings > Halal Dry-Cured Pepperoni (whole stick, beef & chicken) — Kazan Delicacies	RU:::0.00 RUB	1.000 kg	RU:20:y		no	adult	no	RU	Kazan Delicacies	halal	frozen	Toppings		halal-#614A/2024
KD-019	Halal Smoked Chicken Breast (1 кг kg) — Kazan Delicacies	Halal Smoked Chicken Breast (1 кг kg) — Kazan Delicacies — halal toppings from Kazan Delicacies, frozen products category. Net weight: 1 кг kg. Shelf life: 30 days. Storage: 0-6 ˚C. HALAL certified #614A/2024 (DUM RT). HACCP & ISO 22000. 100% pork-free. Wholesale from Kazan (Tatarstan, Russia). EXW Kazan / DC Lyubertsy.	https://pepperoni.tatar/en/products/kd-019	https://res.cloudinary.com/duygfl3vz/image/upload/v1772730364/kurinaa_grudka_1_bl8203.jpg	https://res.cloudinary.com/duygfl3vz/image/upload/v1772730361/kurinaa_grudka_v_razreze_o3124p.jpg	in_stock	370.00 RUB		Kazan Delicacies		KD-019	new	no	420	Frozen Products > Toppings > Halal Smoked Chicken Breast (1 кг kg) — Kazan Delicacies	RU:::0.00 RUB	1.000 kg	RU:20:y		no	adult	no	RU	Kazan Delicacies	halal	frozen	Toppings		halal-#614A/2024
KD-020	Halal Boiled Chicken Fillet (1 кг kg) — Kazan Delicacies	Halal Boiled Chicken Fillet (1 кг kg) — Kazan Delicacies — halal toppings from Kazan Delicacies, frozen products category. Net weight: 1 кг kg. Shelf life: 30 days. Storage: 0-6 ˚C. HALAL certified #614A/2024 (DUM RT). HACCP & ISO 22000. 100% pork-free. Wholesale from Kazan (Tatarstan, Russia). EXW Kazan / DC Lyubertsy.	https://pepperoni.tatar/en/products/kd-020	https://pepperoni.tatar/og-default-en.png		in_stock	449.00 RUB		Kazan Delicacies		KD-020	new	no	420	Frozen Products > Toppings > Halal Boiled Chicken Fillet (1 кг kg) — Kazan Delicacies	RU:::0.00 RUB	1.000 kg	RU:20:y		no	adult	no	RU	Kazan Delicacies	halal	frozen	Toppings		halal-#614A/2024
KD-021	Halal Beef Mince (1 kg) — Kazan Delicacies	Halal Beef Mince (1 kg) — Kazan Delicacies — halal meat preparations from Kazan Delicacies, frozen products category. Net weight: 1 kg. Shelf life: 180 days. Storage: –18°C. HALAL certified #614A/2024 (DUM RT). HACCP & ISO 22000. 100% pork-free. Wholesale from Kazan (Tatarstan, Russia). EXW Kazan / DC Lyubertsy.	https://pepperoni.tatar/en/products/kd-021	https://pepperoni.tatar/og-default-en.png		in_stock	670.00 RUB		Kazan Delicacies		KD-021	new	no	420	Frozen Products > Meat Preparations > Halal Beef Mince (1 kg) — Kazan Delicacies	RU:::0.00 RUB	1.000 kg	RU:20:y		no	adult	no	RU	Kazan Delicacies	halal	frozen	Meat Preparations		halal-#614A/2024
KD-022	Halal Chicken Skin Mince (1 kg) — Kazan Delicacies	Halal Chicken Skin Mince (1 kg) — Kazan Delicacies — halal meat preparations from Kazan Delicacies, frozen products category. Net weight: 1 kg. Shelf life: 180 days. Storage: –18°C. HALAL certified #614A/2024 (DUM RT). HACCP & ISO 22000. 100% pork-free. Wholesale from Kazan (Tatarstan, Russia). EXW Kazan / DC Lyubertsy.	https://pepperoni.tatar/en/products/kd-022	https://pepperoni.tatar/og-default-en.png		in_stock	82.00 RUB		Kazan Delicacies		KD-022	new	no	420	Frozen Products > Meat Preparations > Halal Chicken Skin Mince (1 kg) — Kazan Delicacies	RU:::0.00 RUB	1.000 kg	RU:20:y		no	adult	no	RU	Kazan Delicacies	halal	frozen	Meat Preparations		halal-#614A/2024
KD-023	Halal Diced Chicken Thigh (1×1 cm) — Kazan Delicacies	Halal Diced Chicken Thigh (1×1 cm) — Kazan Delicacies — halal meat preparations from Kazan Delicacies, frozen products category. Net weight: 1 kg. Shelf life: 180 days. Storage: –18°C. HALAL certified #614A/2024 (DUM RT). HACCP & ISO 22000. 100% pork-free. Wholesale from Kazan (Tatarstan, Russia). EXW Kazan / DC Lyubertsy.	https://pepperoni.tatar/en/products/kd-023	https://pepperoni.tatar/og-default-en.png		in_stock	520.00 RUB		Kazan Delicacies		KD-023	new	no	420	Frozen Products > Meat Preparations > Halal Diced Chicken Thigh (1×1 cm) — Kazan Delicacies	RU:::0.00 RUB	1.000 kg	RU:20:y		no	adult	no	RU	Kazan Delicacies	halal	frozen	Meat Preparations		halal-#614A/2024
KD-024	Halal Diced Chicken Breast (1×1 cm) — Kazan Delicacies	Halal Diced Chicken Breast (1×1 cm) — Kazan Delicacies — halal meat preparations from Kazan Delicacies, frozen products category. Net weight: 1 kg. Shelf life: 180 days. Storage: –18°C. HALAL certified #614A/2024 (DUM RT). HACCP & ISO 22000. 100% pork-free. Wholesale from Kazan (Tatarstan, Russia). EXW Kazan / DC Lyubertsy.	https://pepperoni.tatar/en/products/kd-024	https://pepperoni.tatar/og-default-en.png		in_stock	520.00 RUB		Kazan Delicacies		KD-024	new	no	420	Frozen Products > Meat Preparations > Halal Diced Chicken Breast (1×1 cm) — Kazan Delicacies	RU:::0.00 RUB	1.000 kg	RU:20:y		no	adult	no	RU	Kazan Delicacies	halal	frozen	Meat Preparations		halal-#614A/2024
KD-025	Halal Diced Beef Grade 1 (1×1 cm) — Kazan Delicacies	Halal Diced Beef Grade 1 (1×1 cm) — Kazan Delicacies — halal meat preparations from Kazan Delicacies, frozen products category. Net weight: 1 kg. Shelf life: 180 days. Storage: –18°C. HALAL certified #614A/2024 (DUM RT). HACCP & ISO 22000. 100% pork-free. Wholesale from Kazan (Tatarstan, Russia). EXW Kazan / DC Lyubertsy.	https://pepperoni.tatar/en/products/kd-025	https://pepperoni.tatar/og-default-en.png		in_stock	810.00 RUB		Kazan Delicacies		KD-025	new	no	420	Frozen Products > Meat Preparations > Halal Diced Beef Grade 1 (1×1 cm) — Kazan Delicacies	RU:::0.00 RUB	1.000 kg	RU:20:y		no	adult	no	RU	Kazan Delicacies	halal	frozen	Meat Preparations		halal-#614A/2024
KD-026	Halal Breakfast Sausages (80 g × 6 pcs) — Kazan Delicacies	Breakfast Sausages are a versatile product for home cooking and HORECA. Due to their soft texture and balanced spices, they are perfect for breakfasts, hot dogs, and hot dishes.e color fixer, and a complex blend of spices. Does not contain GMOs. Shelf life: up to 30 days at a temperature of 0 to +6 °C in vacuum packaging. HALAL certified #614A/2024 (DUM RT). HACCP & ISO 22000. 100% pork-free. Wholesale from Kazan (Tatarstan, Russia). EXW Kazan / DC Lyubertsy.	https://pepperoni.tatar/en/products/kd-026	https://res.cloudinary.com/duygfl3vz/image/upload/v1772730471/sosiski_k_zavtraku_xexvj5.jpg	https://res.cloudinary.com/duygfl3vz/image/upload/v1772730441/sosiski_k_zavtraku_4_twgspu.jpg	in_stock	135.00 RUB		Kazan Delicacies	4,68E+12	999921	new	yes	5740	Refrigerated Products > Sausages & Frankfurters > Halal Breakfast Sausages (80 g × 6 pcs) — Kazan Delicacies	RU:::0.00 RUB	0.400 kg	RU:20:y		no	adult	no	RU	Kazan Delicacies	halal	refrigerated	Sausages & Frankfurters		halal-#614A/2024
KD-027	Halal Breakfast Sausages (casingless) for sausage rolls, 45g — Kazan Delicacies	Halal Breakfast Sausages (casingless) for sausage rolls, 45g — Kazan Delicacies — halal sausages & frankfurters from Kazan Delicacies, refrigerated products category. Net weight: 1 kg. Shelf life: 30 days. Storage: 0-6 ˚C. HALAL certified #614A/2024 (DUM RT). HACCP & ISO 22000. 100% pork-free. Wholesale from Kazan (Tatarstan, Russia). EXW Kazan / DC Lyubertsy.	https://pepperoni.tatar/en/products/kd-027	https://res.cloudinary.com/duygfl3vz/image/upload/v1772730442/sosiski_k_zavtraku_2_unjwfb.jpg	https://res.cloudinary.com/duygfl3vz/image/upload/v1772730443/sosiski_k_zavtraku_3_hv0eel.jpg,https://res.cloudinary.com/duygfl3vz/image/upload/v1772730441/sosiski_k_zavtraku_4_twgspu.jpg	in_stock	245.00 RUB		Kazan Delicacies		KD-027	new	no	5740	Refrigerated Products > Sausages & Frankfurters > Halal Breakfast Sausages (casingless) for sausage rolls, 45g — Kazan Delicacies	RU:::0.00 RUB	1.000 kg	RU:20:y		no	adult	no	RU	Kazan Delicacies	halal	refrigerated	Sausages & Frankfurters		halal-#614A/2024
KD-028	Halal Delicate Sausages (80 g × 6 pcs) — Kazan Delicacies	Delicate Sausages are a versatile product for home cooking and HORECA. With a combination of turkey fillet, chicken meat, and beef, they have a soft texture and balanced flavor. Suitable for breakfast, hot dogs, and quick cooking.e color fixative, and a complex blend of spices. Does not contain GMOs. Shelf life: up to 30 days at a temperature of 0 to +6 °C in vacuum packaging. HALAL certified #614A/2024 (DUM RT). HACCP & ISO 22000. 100% pork-free. Wholesale from Kazan (Tatarstan, Russia). EXW Kazan / DC Lyubertsy.	https://pepperoni.tatar/en/products/kd-028	https://res.cloudinary.com/duygfl3vz/image/upload/v1772730429/sosiski_neznye_apvsmk.jpg	https://res.cloudinary.com/duygfl3vz/image/upload/v1772730430/sosiski_neznaa_jqh4xv.jpg	in_stock	181.00 RUB		Kazan Delicacies	4680638720035	999976	new	yes	5740	Refrigerated Products > Sausages & Frankfurters > Halal Delicate Sausages (80 g × 6 pcs) — Kazan Delicacies	RU:::0.00 RUB	0.400 kg	RU:20:y		no	adult	no	RU	Kazan Delicacies	halal	refrigerated	Sausages & Frankfurters		halal-#614A/2024
KD-029	Halal Kazan's Sausages with Milk for Breakfasts, Hot Dishes, and HORECA - Chilled — Kazan Delicacies	Delicate sausages made from beef and chicken fillet with the addition of milk, featuring a mild taste and juicy texture. Kazan's Sausages with Milk are a versatile product for home cooking and HORECA. The combination of beef, chicken fillet, and milk gives the sausages a delicate texture and rich flavor. The aromatic spices (black pepper, allspice, and nutmeg) make them a great option for breakfasts and hot dishes.e color fixer, sugar, and spices. Shelf life: up to 30 days at a temperature of 0 to +6 °C in vacuum packaging. HALAL certified #614A/2024 (DUM RT). HACCP & ISO 22000. 100% pork-free. Wholesale from Kazan (Tatarstan, Russia). EXW Kazan / DC Lyubertsy.	https://pepperoni.tatar/en/products/kd-029	https://res.cloudinary.com/duygfl3vz/image/upload/v1772730460/kazanskie_molocnye_sosiski_zl1ifo.jpg	https://res.cloudinary.com/duygfl3vz/image/upload/v1772730462/kazanskie_socnye_sosiski_c4q1cm.jpg	in_stock	235.00 RUB		Kazan Delicacies	4,68E+12	999978	new	yes	5740	Refrigerated Products > Sausages & Frankfurters > Halal Kazan's Sausages with Milk for Breakfasts, Hot Dishes, and HORECA - Chilled — Kazan Delicacies	RU:::0.00 RUB	0.400 kg	RU:20:y		no	adult	no	RU	Kazan Delicacies	halal	refrigerated	Sausages & Frankfurters		halal-#614A/2024
KD-030	"Halal Sausages ""With Cheese"" (130 g × 5 pieces) — Kazan Delicacies"	"Sausages ""With Cheese"" are a versatile product for home cooking and HORECA. Thanks to the combination of beef, chicken fillet, and hard cheese, the sausages have a rich flavor and a delicate texture. They are suitable for breakfast, hot dogs, and quick cooking.e, and a complex blend of spices. They do not contain GMOs. Shelf life: up to 30 days at a temperature of 0 to +6 °C in vacuum packaging. HALAL certified #614A/2024 (DUM RT). HACCP & ISO 22000. 100% pork-free. Wholesale from Kazan (Tatarstan, Russia). EXW Kazan / DC Lyubertsy."	https://pepperoni.tatar/en/products/kd-030	https://res.cloudinary.com/duygfl3vz/image/upload/v1772730434/sosiski_kazanskie_s_syrom_1.1_eeaaav.jpg	https://res.cloudinary.com/duygfl3vz/image/upload/v1772730434/sosiski_kazanskie_s_syrom_iygsec.jpg,https://res.cloudinary.com/duygfl3vz/image/upload/v1772730428/sosiski_s_syrom_130_g_5_st_2_ctyyui.jpg	in_stock	293.00 RUB		Kazan Delicacies	4,68E+12	999975	new	yes	5740	"Refrigerated Products > Sausages & Frankfurters > Halal Sausages ""With Cheese"" (130 g × 5 pieces) — Kazan Delicacies"	RU:::0.00 RUB	0.400 kg	RU:20:y		no	adult	no	RU	Kazan Delicacies	halal	refrigerated	Sausages & Frankfurters		halal-#614A/2024
KD-031	Halal Beef sausages for breakfast, hot dogs, and HORECA — chilled — Kazan Delicacies	Delicate beef sausages with natural spices, suitable for breakfast, hot dogs, and hot dishes. They retain their juiciness and rich flavor during cooking. Classic Beef sausages are a versatile solution for home cooking and HORECA. Their dense texture and aromatic spices (black pepper, cardamom) give them a rich flavor and make them a great alternative to traditional meat sausages.e color fixer, sugar, and spices. Does not contain GMOs. Shelf life: up to 30 days at a temperature of 0 to +6 °C in vacuum packaging HALAL certified #614A/2024 (DUM RT). HACCP & ISO 22000. 100% pork-free. Wholesale from Kazan (Tatarstan, Russia). EXW Kazan / DC Lyubertsy.	https://pepperoni.tatar/en/products/kd-031	https://res.cloudinary.com/duygfl3vz/image/upload/v1772730455/sosiski_iz_govadiny_80_g_6_st_outyte.jpg	https://res.cloudinary.com/duygfl3vz/image/upload/v1772730444/sosiski_iz_govadiny_80_g_6_st_2_icliam.jpg	in_stock	284.00 RUB		Kazan Delicacies	4,68E+12	999980	new	yes	5740	Refrigerated Products > Sausages & Frankfurters > Halal Beef sausages for breakfast, hot dogs, and HORECA — chilled — Kazan Delicacies	RU:::0.00 RUB	0.400 kg	RU:20:y		no	adult	no	RU	Kazan Delicacies	halal	refrigerated	Sausages & Frankfurters		halal-#614A/2024
KD-032	Halal Premium Sausages (0,4 kg) — Kazan Delicacies	Halal Premium Sausages (0,4 kg) — Kazan Delicacies — halal sausages & frankfurters from Kazan Delicacies, refrigerated products category. Net weight: 0,4 kg. Shelf life: 30 days. Storage: 0-6 ˚C. HALAL certified #614A/2024 (DUM RT). HACCP & ISO 22000. 100% pork-free. Wholesale from Kazan (Tatarstan, Russia). EXW Kazan / DC Lyubertsy.	https://pepperoni.tatar/en/products/kd-032	https://res.cloudinary.com/duygfl3vz/image/upload/v1772730454/sosiski_kazanskie_premium_srebyg.jpg	https://res.cloudinary.com/duygfl3vz/image/upload/v1772730455/sosiski_kazanskie_premium_udkadz.jpg,https://res.cloudinary.com/duygfl3vz/image/upload/v1772730429/sosiski_v-s_premium_xyky0a.jpg	in_stock	146.00 RUB		Kazan Delicacies	4680638721407	995001	new	yes	5740	Refrigerated Products > Sausages & Frankfurters > Halal Premium Sausages (0,4 kg) — Kazan Delicacies	RU:::0.00 RUB	0.400 kg	RU:20:y		no	adult	no	RU	Kazan Delicacies	halal	refrigerated	Sausages & Frankfurters		halal-#614A/2024
KD-033	Halal Juicy Sausages (0,4 kg) — Kazan Delicacies	Halal Juicy Sausages (0,4 kg) — Kazan Delicacies — halal sausages & frankfurters from Kazan Delicacies, refrigerated products category. Net weight: 0,4 kg. Shelf life: 30 days. Storage: 0-6 ˚C. HALAL certified #614A/2024 (DUM RT). HACCP & ISO 22000. 100% pork-free. Wholesale from Kazan (Tatarstan, Russia). EXW Kazan / DC Lyubertsy.	https://pepperoni.tatar/en/products/kd-033	https://res.cloudinary.com/duygfl3vz/image/upload/v1772730454/sosiski_kazanskie_socnye_vntchs.jpg	https://res.cloudinary.com/duygfl3vz/image/upload/v1772730458/kazanskie_socnye_fw2ptj.jpg	in_stock	144.00 RUB		Kazan Delicacies	4680638721414	995002	new	yes	5740	Refrigerated Products > Sausages & Frankfurters > Halal Juicy Sausages (0,4 kg) — Kazan Delicacies	RU:::0.00 RUB	0.400 kg	RU:20:y		no	adult	no	RU	Kazan Delicacies	halal	refrigerated	Sausages & Frankfurters		halal-#614A/2024
KD-034	Halal Buinsk Frankfurters (0,24 kg) — Kazan Delicacies	Halal Buinsk Frankfurters (0,24 kg) — Kazan Delicacies — halal sausages & frankfurters from Kazan Delicacies, refrigerated products category. Net weight: 0,24 kg. Shelf life: 30 days. Storage: 0-6 ˚C. HALAL certified #614A/2024 (DUM RT). HACCP & ISO 22000. 100% pork-free. Wholesale from Kazan (Tatarstan, Russia). EXW Kazan / DC Lyubertsy.	https://pepperoni.tatar/en/products/kd-034	https://res.cloudinary.com/duygfl3vz/image/upload/v1772730460/buinskie_sardel_ki_bspdgs.jpg	https://res.cloudinary.com/duygfl3vz/image/upload/v1772730460/sardel_ki_buinskie_ilutwn.jpg,https://res.cloudinary.com/duygfl3vz/image/upload/v1772730451/sosiski_buinskie_1.1_gxc9r9.jpg	in_stock	166.00 RUB		Kazan Delicacies	4,68E+12	999982	new	yes	5740	Refrigerated Products > Sausages & Frankfurters > Halal Buinsk Frankfurters (0,24 kg) — Kazan Delicacies	RU:::0.00 RUB	0.240 kg	RU:20:y		no	adult	no	RU	Kazan Delicacies	halal	refrigerated	Sausages & Frankfurters		halal-#614A/2024
KD-035	Halal Boiled Beef Sausage (0,5 kg) — Kazan Delicacies	Halal Boiled Beef Sausage (0,5 kg) — Kazan Delicacies — halal boiled sausages from Kazan Delicacies, refrigerated products category. Net weight: 0,5 kg. Shelf life: 30 days. Storage: 0-6 ˚C. HALAL certified #614A/2024 (DUM RT). HACCP & ISO 22000. 100% pork-free. Wholesale from Kazan (Tatarstan, Russia). EXW Kazan / DC Lyubertsy.	https://pepperoni.tatar/en/products/kd-035	https://res.cloudinary.com/duygfl3vz/image/upload/v1778598116/products/kolbasa-varenaya-govyadina.jpg		in_stock	292.00 RUB		Kazan Delicacies	4,68E+12	999998	new	yes	5740	Refrigerated Products > Boiled Sausages > Halal Boiled Beef Sausage (0,5 kg) — Kazan Delicacies	RU:::0.00 RUB	0.500 kg	RU:20:y		no	adult	no	RU	Kazan Delicacies	halal	refrigerated	Boiled Sausages		halal-#614A/2024
KD-036	Halal Boiled Assorted Sausage (0,5 kg) — Kazan Delicacies	Halal Boiled Assorted Sausage (0,5 kg) — Kazan Delicacies — halal boiled sausages from Kazan Delicacies, refrigerated products category. Net weight: 0,5 kg. Shelf life: 30 days. Storage: 0-6 ˚C. HALAL certified #614A/2024 (DUM RT). HACCP & ISO 22000. 100% pork-free. Wholesale from Kazan (Tatarstan, Russia). EXW Kazan / DC Lyubertsy.	https://pepperoni.tatar/en/products/kd-036	https://pepperoni.tatar/og-pepperoni-en.png		in_stock	197.00 RUB		Kazan Delicacies	4,68E+12	995003	new	yes	5740	Refrigerated Products > Boiled Sausages > Halal Boiled Assorted Sausage (0,5 kg) — Kazan Delicacies	RU:::0.00 RUB	0.500 kg	RU:20:y		no	adult	no	RU	Kazan Delicacies	halal	refrigerated	Boiled Sausages		halal-#614A/2024
KD-037	Halal Boiled Tender Sausage (0,5 kg) — Kazan Delicacies	Halal Boiled Tender Sausage (0,5 kg) — Kazan Delicacies — halal boiled sausages from Kazan Delicacies, refrigerated products category. Net weight: 0,5 kg. Shelf life: 30 days. Storage: 0-6 ˚C. HALAL certified #614A/2024 (DUM RT). HACCP & ISO 22000. 100% pork-free. Wholesale from Kazan (Tatarstan, Russia). EXW Kazan / DC Lyubertsy.	https://pepperoni.tatar/en/products/kd-037	https://pepperoni.tatar/og-pepperoni-en.png		in_stock	200.00 RUB		Kazan Delicacies	4,68E+12	995004	new	yes	5740	Refrigerated Products > Boiled Sausages > Halal Boiled Tender Sausage (0,5 kg) — Kazan Delicacies	RU:::0.00 RUB	0.500 kg	RU:20:y		no	adult	no	RU	Kazan Delicacies	halal	refrigerated	Boiled Sausages		halal-#614A/2024
KD-038	Halal Turkey Ham (0,5 kg) — Kazan Delicacies	Halal Turkey Ham (0,5 kg) — Kazan Delicacies — halal hams from Kazan Delicacies, refrigerated products category. Net weight: 0,5 kg. Shelf life: 30 days. Storage: 0-6 ˚C. HALAL certified #614A/2024 (DUM RT). HACCP & ISO 22000. 100% pork-free. Wholesale from Kazan (Tatarstan, Russia). EXW Kazan / DC Lyubertsy.	https://pepperoni.tatar/en/products/kd-038	https://res.cloudinary.com/duygfl3vz/image/upload/v1772730371/vetcina_iz_indei%CC%86ki_v_batone_cnqrbt.jpg		in_stock	380.00 RUB		Kazan Delicacies	4,68E+12	999946	new	yes	431	Refrigerated Products > Hams > Halal Turkey Ham (0,5 kg) — Kazan Delicacies	RU:::0.00 RUB	0.500 kg	RU:20:y		no	adult	no	RU	Kazan Delicacies	halal	refrigerated	Hams		halal-#614A/2024
KD-039	Halal Marbled Beef Ham (0,5 kg) — Kazan Delicacies	Halal Marbled Beef Ham (0,5 kg) — Kazan Delicacies — halal hams from Kazan Delicacies, refrigerated products category. Net weight: 0,5 kg. Shelf life: 30 days. Storage: 0-6 ˚C. HALAL certified #614A/2024 (DUM RT). HACCP & ISO 22000. 100% pork-free. Wholesale from Kazan (Tatarstan, Russia). EXW Kazan / DC Lyubertsy.	https://pepperoni.tatar/en/products/kd-039	https://res.cloudinary.com/duygfl3vz/image/upload/v1772730359/mramornaa_govaz_a_vetcina_f8phhh.jpg	https://res.cloudinary.com/duygfl3vz/image/upload/v1772730391/vetcina_mramornaa3_lnhk65.jpg	in_stock	398.00 RUB		Kazan Delicacies	4,68E+12	999997	new	yes	431	Refrigerated Products > Hams > Halal Marbled Beef Ham (0,5 kg) — Kazan Delicacies	RU:::0.00 RUB	0.500 kg	RU:20:y		no	adult	no	RU	Kazan Delicacies	halal	refrigerated	Hams		halal-#614A/2024
KD-040	Halal Chicken Ham (0,5 kg) — Kazan Delicacies	Halal Chicken Ham (0,5 kg) — Kazan Delicacies — halal hams from Kazan Delicacies, refrigerated products category. Net weight: 0,5 kg. Shelf life: 30 days. Storage: 0-6 ˚C. HALAL certified #614A/2024 (DUM RT). HACCP & ISO 22000. 100% pork-free. Wholesale from Kazan (Tatarstan, Russia). EXW Kazan / DC Lyubertsy.	https://pepperoni.tatar/en/products/kd-040	https://res.cloudinary.com/duygfl3vz/image/upload/v1772730359/kurinaa_vetcina_iclj6f.jpg	https://res.cloudinary.com/duygfl3vz/image/upload/v1772730391/vetcina_mramornaa3_lnhk65.jpg	in_stock	350.00 RUB		Kazan Delicacies	4,68E+12	999941	new	yes	431	Refrigerated Products > Hams > Halal Chicken Ham (0,5 kg) — Kazan Delicacies	RU:::0.00 RUB	0.500 kg	RU:20:y		no	adult	no	RU	Kazan Delicacies	halal	refrigerated	Hams		halal-#614A/2024
KD-041	Halal Fillet Ham (0,5 kg) — Kazan Delicacies	Halal Fillet Ham (0,5 kg) — Kazan Delicacies — halal hams from Kazan Delicacies, refrigerated products category. Net weight: 0,5 kg. Shelf life: 30 days. Storage: 0-6 ˚C. HALAL certified #614A/2024 (DUM RT). HACCP & ISO 22000. 100% pork-free. Wholesale from Kazan (Tatarstan, Russia). EXW Kazan / DC Lyubertsy.	https://pepperoni.tatar/en/products/kd-041	https://res.cloudinary.com/duygfl3vz/image/upload/v1772730389/vetcina_filei%CC%86naa_2_asnyoi.jpg		in_stock	188.00 RUB		Kazan Delicacies	4,68E+12	995009	new	yes	431	Refrigerated Products > Hams > Halal Fillet Ham (0,5 kg) — Kazan Delicacies	RU:::0.00 RUB	0.500 kg	RU:20:y		no	adult	no	RU	Kazan Delicacies	halal	refrigerated	Hams		halal-#614A/2024
KD-042	Halal Khan Cervelat (0,45 kg) — Kazan Delicacies	Halal Khan Cervelat (0,45 kg) — Kazan Delicacies — halal smoked meats from Kazan Delicacies, refrigerated products category. Net weight: 0,45 kg. Shelf life: 30 days. Storage: 0-6 ˚C. HALAL certified #614A/2024 (DUM RT). HACCP & ISO 22000. 100% pork-free. Wholesale from Kazan (Tatarstan, Russia). EXW Kazan / DC Lyubertsy.	https://pepperoni.tatar/en/products/kd-042	https://pepperoni.tatar/og-pepperoni-en.png		in_stock	216.00 RUB		Kazan Delicacies	4,68E+12	999975	new	yes	5740	Refrigerated Products > Smoked Meats > Halal Khan Cervelat (0,45 kg) — Kazan Delicacies	RU:::0.00 RUB	0.450 kg	RU:20:y		no	adult	no	RU	Kazan Delicacies	halal	refrigerated	Smoked Meats		halal-#614A/2024
KD-043	"Halal Servelat ""Po-Tatarski"" (450 g) — Kazan Delicacies"	"Servelat ""Po-Tatarski"" is a classic meat sausage that is perfect for sandwiches, appetizers, and restaurant presentations. With its combination of beef, beef fat, and aromatic spices, including fresh garlic, this product offers a vibrant taste and appetizing aroma.e color fixative, a complex blend of spices, and fresh garlic. Does not contain GMOs. Shelf life: up to 30 days at a temperature of 0 to +6 °C in vacuum packaging. HALAL certified #614A/2024 (DUM RT). HACCP & ISO 22000. 100% pork-free. Wholesale from Kazan (Tatarstan, Russia). EXW Kazan / DC Lyubertsy."	https://pepperoni.tatar/en/products/kd-043	https://res.cloudinary.com/duygfl3vz/image/upload/v1772730372/bol_soi%CC%86_servelat_po_tatarski_vareno-kopcenyi%CC%86_filei%CC%86nyi%CC%86_fluqsp.jpg		in_stock	298.00 RUB		Kazan Delicacies	4,68E+12	999994	new	yes	5740	"Refrigerated Products > Smoked Meats > Halal Servelat ""Po-Tatarski"" (450 g) — Kazan Delicacies"	RU:::0.00 RUB	0.450 kg	RU:20:y		no	adult	no	RU	Kazan Delicacies	halal	refrigerated	Smoked Meats		halal-#614A/2024
KD-044	Halal Semi-Smoked Turkey Sausage (0,45 kg) — Kazan Delicacies	Halal Semi-Smoked Turkey Sausage (0,45 kg) — Kazan Delicacies — halal smoked meats from Kazan Delicacies, refrigerated products category. Net weight: 0,45 kg. Shelf life: 30 days. Storage: 0-6 ˚C. HALAL certified #614A/2024 (DUM RT). HACCP & ISO 22000. 100% pork-free. Wholesale from Kazan (Tatarstan, Russia). EXW Kazan / DC Lyubertsy.	https://pepperoni.tatar/en/products/kd-044	https://res.cloudinary.com/duygfl3vz/image/upload/v1772730376/polukopcenaa_iz_govadiny_2_zllh0c.jpg		in_stock	348.00 RUB		Kazan Delicacies	4,68E+12	999910	new	yes	5740	Refrigerated Products > Smoked Meats > Halal Semi-Smoked Turkey Sausage (0,45 kg) — Kazan Delicacies	RU:::0.00 RUB	0.450 kg	RU:20:y		no	adult	no	RU	Kazan Delicacies	halal	refrigerated	Smoked Meats		halal-#614A/2024
KD-045	Halal Semi-Smoked Beef Sausage (0,45 kg) — Kazan Delicacies	Halal Semi-Smoked Beef Sausage (0,45 kg) — Kazan Delicacies — halal smoked meats from Kazan Delicacies, refrigerated products category. Net weight: 0,45 kg. Shelf life: 30 days. Storage: 0-6 ˚C. HALAL certified #614A/2024 (DUM RT). HACCP & ISO 22000. 100% pork-free. Wholesale from Kazan (Tatarstan, Russia). EXW Kazan / DC Lyubertsy.	https://pepperoni.tatar/en/products/kd-045	https://res.cloudinary.com/duygfl3vz/image/upload/v1772730376/polukopcenaa_iz_govadiny_2_zllh0c.jpg		in_stock	358.00 RUB		Kazan Delicacies	4,68E+12	999961	new	yes	5740	Refrigerated Products > Smoked Meats > Halal Semi-Smoked Beef Sausage (0,45 kg) — Kazan Delicacies	RU:::0.00 RUB	0.450 kg	RU:20:y		no	adult	no	RU	Kazan Delicacies	halal	refrigerated	Smoked Meats		halal-#614A/2024
KD-046	"Halal Sausages ""With Cheese"" (330 g) — Kazan Delicacies"	"Sausages ""With Cheese"" are an excellent option for grilling, breakfasts, and hot dishes. Thanks to the combination of beef, chicken fillet, and hard cheese, the product has a juicy texture and rich flavor. Suitable for cooking in a pan, on the grill, or serving as a hot appetizer.e color fixer, and a complex blend of spices. Does not contain GMOs. Shelf life: up to 30 days at a temperature of 0 to +6 °C. HALAL certified #614A/2024 (DUM RT). HACCP & ISO 22000. 100% pork-free. Wholesale from Kazan (Tatarstan, Russia). EXW Kazan / DC Lyubertsy."	https://pepperoni.tatar/en/products/kd-046	https://res.cloudinary.com/duygfl3vz/image/upload/v1772730361/kolbaski_s_syrom_2_lmewes.jpg	https://res.cloudinary.com/duygfl3vz/image/upload/v1772730362/kolbaski_s_syrom_v_razreze_vyd7il.jpg	in_stock	271.00 RUB		Kazan Delicacies		KD-046	new	no	5740	"Refrigerated Products > Smoked Meats > Halal Sausages ""With Cheese"" (330 g) — Kazan Delicacies"	RU:::0.00 RUB	0.300 kg	RU:20:y		no	adult	no	RU	Kazan Delicacies	halal	refrigerated	Smoked Meats		halal-#614A/2024
KD-047	Halal Chicken Breast (1 kg) — Kazan Delicacies	Halal Chicken Breast (1 kg) — Kazan Delicacies — halal smoked meats from Kazan Delicacies, refrigerated products category. Net weight: 1 kg. Shelf life: 30 days. Storage: 0-6 ˚C. HALAL certified #614A/2024 (DUM RT). HACCP & ISO 22000. 100% pork-free. Wholesale from Kazan (Tatarstan, Russia). EXW Kazan / DC Lyubertsy.	https://pepperoni.tatar/en/products/kd-047	https://res.cloudinary.com/duygfl3vz/image/upload/v1778598117/products/kurinaya-grudka.jpg		in_stock	380.00 RUB		Kazan Delicacies		KD-047	new	no	5740	Refrigerated Products > Smoked Meats > Halal Chicken Breast (1 kg) — Kazan Delicacies	RU:::0.00 RUB	1.000 kg	RU:20:y		no	adult	no	RU	Kazan Delicacies	halal	refrigerated	Smoked Meats		halal-#614A/2024
KD-048	Halal Chicken Fillet (1 kg) — Kazan Delicacies	Halal Chicken Fillet (1 kg) — Kazan Delicacies — halal smoked meats from Kazan Delicacies, refrigerated products category. Net weight: 1 kg. Shelf life: 30 days. Storage: 0-6 ˚C. HALAL certified #614A/2024 (DUM RT). HACCP & ISO 22000. 100% pork-free. Wholesale from Kazan (Tatarstan, Russia). EXW Kazan / DC Lyubertsy.	https://pepperoni.tatar/en/products/kd-048	https://res.cloudinary.com/duygfl3vz/image/upload/v1778598118/products/kurinaya-vetcina.jpg		in_stock	449.00 RUB		Kazan Delicacies		KD-048	new	no	5740	Refrigerated Products > Smoked Meats > Halal Chicken Fillet (1 kg) — Kazan Delicacies	RU:::0.00 RUB	1.000 kg	RU:20:y		no	adult	no	RU	Kazan Delicacies	halal	refrigerated	Smoked Meats		halal-#614A/2024
KD-049	Halal Ramazan Smoked Sausage (0,54 kg) — Kazan Delicacies	Halal Ramazan Smoked Sausage (0,54 kg) — Kazan Delicacies — halal smoked meats from Kazan Delicacies, refrigerated products category. Net weight: 0,54 kg. Shelf life: 30 days. Storage: 0-6 ˚C. HALAL certified #614A/2024 (DUM RT). HACCP & ISO 22000. 100% pork-free. Wholesale from Kazan (Tatarstan, Russia). EXW Kazan / DC Lyubertsy.	https://pepperoni.tatar/en/products/kd-049	https://res.cloudinary.com/duygfl3vz/image/upload/v1772730376/ramazan_vse_vidy_narezki.1_gcmke9.jpg		in_stock	377.00 RUB		Kazan Delicacies	4,68E+12	995005	new	yes	5740	Refrigerated Products > Smoked Meats > Halal Ramazan Smoked Sausage (0,54 kg) — Kazan Delicacies	RU:::0.00 RUB	0.540 kg	RU:20:y		no	adult	no	RU	Kazan Delicacies	halal	refrigerated	Smoked Meats		halal-#614A/2024
KD-050	Halal Ramazan Smoked Sausage (half) — Kazan Delicacies	Halal Ramazan Smoked Sausage (half) — Kazan Delicacies — halal smoked meats from Kazan Delicacies, refrigerated products category. Net weight: 0,27 kg. Shelf life: 30 days. Storage: 0-6 ˚C. HALAL certified #614A/2024 (DUM RT). HACCP & ISO 22000. 100% pork-free. Wholesale from Kazan (Tatarstan, Russia). EXW Kazan / DC Lyubertsy.	https://pepperoni.tatar/en/products/kd-050	https://res.cloudinary.com/duygfl3vz/image/upload/v1772730365/kolbas_vvareno-kopcenaa_ramazan_sliauh.jpg	https://res.cloudinary.com/duygfl3vz/image/upload/v1772730376/ramazan_vse_vidy_narezki.1_gcmke9.jpg	in_stock	188.00 RUB		Kazan Delicacies	4,68E+12	995012	new	yes	5740	Refrigerated Products > Smoked Meats > Halal Ramazan Smoked Sausage (half) — Kazan Delicacies	RU:::0.00 RUB	0.270 kg	RU:20:y		no	adult	no	RU	Kazan Delicacies	halal	refrigerated	Smoked Meats		halal-#614A/2024
KD-051	Halal Marbled Smoked Sausage (0,54 kg) — Kazan Delicacies	Halal Marbled Smoked Sausage (0,54 kg) — Kazan Delicacies — halal smoked meats from Kazan Delicacies, refrigerated products category. Net weight: 0,54 kg. Shelf life: 30 days. Storage: 0-6 ˚C. HALAL certified #614A/2024 (DUM RT). HACCP & ISO 22000. 100% pork-free. Wholesale from Kazan (Tatarstan, Russia). EXW Kazan / DC Lyubertsy.	https://pepperoni.tatar/en/products/kd-051	https://res.cloudinary.com/duygfl3vz/image/upload/v1772730386/bol_saa_kolbasa_vareno-kopcenaa_mramornaa_blre06.jpg	https://res.cloudinary.com/duygfl3vz/image/upload/v1772730378/mramornaa_vse_vidy_narezki_yrxuek.jpg	in_stock	362.00 RUB		Kazan Delicacies	4,68E+12	995006	new	yes	5740	Refrigerated Products > Smoked Meats > Halal Marbled Smoked Sausage (0,54 kg) — Kazan Delicacies	RU:::0.00 RUB	0.540 kg	RU:20:y		no	adult	no	RU	Kazan Delicacies	halal	refrigerated	Smoked Meats		halal-#614A/2024
KD-052	Halal Marbled Smoked Sausage (half) — Kazan Delicacies	Halal Marbled Smoked Sausage (half) — Kazan Delicacies — halal smoked meats from Kazan Delicacies, refrigerated products category. Net weight: 0,27 kg. Shelf life: 30 days. Storage: 0-6 ˚C. HALAL certified #614A/2024 (DUM RT). HACCP & ISO 22000. 100% pork-free. Wholesale from Kazan (Tatarstan, Russia). EXW Kazan / DC Lyubertsy.	https://pepperoni.tatar/en/products/kd-052	https://res.cloudinary.com/duygfl3vz/image/upload/v1772730379/mramornaa_1.0_yuogey.jpg	https://res.cloudinary.com/duygfl3vz/image/upload/v1772730364/kolbasa_vareno-kopcenaa_mramor_qurfln.jpg,https://res.cloudinary.com/duygfl3vz/image/upload/v1772730378/mramornaa_vse_vidy_narezki_yrxuek.jpg	in_stock	181.00 RUB		Kazan Delicacies	4,68E+12	995011	new	yes	5740	Refrigerated Products > Smoked Meats > Halal Marbled Smoked Sausage (half) — Kazan Delicacies	RU:::0.00 RUB	0.270 kg	RU:20:y		no	adult	no	RU	Kazan Delicacies	halal	refrigerated	Smoked Meats		halal-#614A/2024
KD-053	Halal Fillet Smoked Sausage (0,54 kg) — Kazan Delicacies	Halal Fillet Smoked Sausage (0,54 kg) — Kazan Delicacies — halal smoked meats from Kazan Delicacies, refrigerated products category. Net weight: 0,54 kg. Shelf life: 30 days. Storage: 0-6 ˚C. HALAL certified #614A/2024 (DUM RT). HACCP & ISO 22000. 100% pork-free. Wholesale from Kazan (Tatarstan, Russia). EXW Kazan / DC Lyubertsy.	https://pepperoni.tatar/en/products/kd-053	https://res.cloudinary.com/duygfl3vz/image/upload/v1778598119/products/vetcina-fileynaya.jpg		in_stock	333.00 RUB		Kazan Delicacies	4,68E+12	995007	new	yes	5740	Refrigerated Products > Smoked Meats > Halal Fillet Smoked Sausage (0,54 kg) — Kazan Delicacies	RU:::0.00 RUB	0.540 kg	RU:20:y		no	adult	no	RU	Kazan Delicacies	halal	refrigerated	Smoked Meats		halal-#614A/2024
KD-054	Halal Fillet Smoked Sausage (half) — Kazan Delicacies	Halal Fillet Smoked Sausage (half) — Kazan Delicacies — halal smoked meats from Kazan Delicacies, refrigerated products category. Net weight: 0,27 kg. Shelf life: 30 days. Storage: 0-6 ˚C. HALAL certified #614A/2024 (DUM RT). HACCP & ISO 22000. 100% pork-free. Wholesale from Kazan (Tatarstan, Russia). EXW Kazan / DC Lyubertsy.	https://pepperoni.tatar/en/products/kd-054	https://res.cloudinary.com/duygfl3vz/image/upload/v1778598119/products/vetcina-fileynaya.jpg		in_stock	166.00 RUB		Kazan Delicacies	4,68E+12	995013	new	yes	5740	Refrigerated Products > Smoked Meats > Halal Fillet Smoked Sausage (half) — Kazan Delicacies	RU:::0.00 RUB	0.270 kg	RU:20:y		no	adult	no	RU	Kazan Delicacies	halal	refrigerated	Smoked Meats		halal-#614A/2024
KD-055	Halal Knyazheskaya Smoked Sausage (0,54 kg) — Kazan Delicacies	Halal Knyazheskaya Smoked Sausage (0,54 kg) — Kazan Delicacies — halal smoked meats from Kazan Delicacies, refrigerated products category. Net weight: 0,54 kg. Shelf life: 30 days. Storage: 0-6 ˚C. HALAL certified #614A/2024 (DUM RT). HACCP & ISO 22000. 100% pork-free. Wholesale from Kazan (Tatarstan, Russia). EXW Kazan / DC Lyubertsy.	https://pepperoni.tatar/en/products/kd-055	https://res.cloudinary.com/duygfl3vz/image/upload/v1772730381/knazeskaa_vse_vidy_narezki_1.0_sfq4h3.jpg	https://res.cloudinary.com/duygfl3vz/image/upload/v1772730371/bol_saa_kolbasa_vareno-kopcenaa_knazeskaa_tlteyj.jpg	in_stock	362.00 RUB		Kazan Delicacies	4,68E+12	995008	new	yes	5740	Refrigerated Products > Smoked Meats > Halal Knyazheskaya Smoked Sausage (0,54 kg) — Kazan Delicacies	RU:::0.00 RUB	0.540 kg	RU:20:y		no	adult	no	RU	Kazan Delicacies	halal	refrigerated	Smoked Meats		halal-#614A/2024
KD-056	Halal Knyazheskaya Smoked Sausage (half) — Kazan Delicacies	Halal Knyazheskaya Smoked Sausage (half) — Kazan Delicacies — halal smoked meats from Kazan Delicacies, refrigerated products category. Net weight: 0,27 kg. Shelf life: 30 days. Storage: 0-6 ˚C. HALAL certified #614A/2024 (DUM RT). HACCP & ISO 22000. 100% pork-free. Wholesale from Kazan (Tatarstan, Russia). EXW Kazan / DC Lyubertsy.	https://pepperoni.tatar/en/products/kd-056	https://res.cloudinary.com/duygfl3vz/image/upload/v1772730380/v-k_knazeskaa_j5y8ot.jpg	https://res.cloudinary.com/duygfl3vz/image/upload/v1772730362/kolbasa_vareno-kopcenaa_knazeskaa_g5prfg.jpg	in_stock	181.00 RUB		Kazan Delicacies	4,68E+12	995010	new	yes	5740	Refrigerated Products > Smoked Meats > Halal Knyazheskaya Smoked Sausage (half) — Kazan Delicacies	RU:::0.00 RUB	0.270 kg	RU:20:y		no	adult	no	RU	Kazan Delicacies	halal	refrigerated	Smoked Meats		halal-#614A/2024
KD-057	Halal Kazylyk Premium (gift box, horse meat) — Kazan Delicacies	Halal Kazylyk Premium (gift box, horse meat) — Kazan Delicacies — halal premium kazylyk from Kazan Delicacies, refrigerated products category. Net weight: 0,2 kg. Shelf life: 180 days. Storage: 0-12 ˚C. HALAL certified #614A/2024 (DUM RT). HACCP & ISO 22000. 100% pork-free. Wholesale from Kazan (Tatarstan, Russia). EXW Kazan / DC Lyubertsy.	https://pepperoni.tatar/en/products/kd-057	https://res.cloudinary.com/duygfl3vz/image/upload/v1772700368/kyzylyk_i_upakovka_1.4_rv2hvw.jpg	https://res.cloudinary.com/duygfl3vz/image/upload/v1772700370/kyzylyk_i_upakovka_1.0_vi99ww.jpg,https://res.cloudinary.com/duygfl3vz/image/upload/v1772730300/sosiski_dla_hot_dogov_tri_perza_s_syrom_v7sbbt.jpg	in_stock	650.00 RUB		Kazan Delicacies	4,68E+12	999911	new	yes	5740	Refrigerated Products > Premium Kazylyk > Halal Kazylyk Premium (gift box, horse meat) — Kazan Delicacies	RU:::0.00 RUB	0.200 kg	RU:20:y		no	adult	no	RU	Kazan Delicacies	halal	refrigerated	Premium Kazylyk		halal-#614A/2024
KD-058	Authentic Kazylik, prepared according to the classic Tatar recipe, sliced into thin slices for convenient use in cafes, restaurants, hotels, shops, an	Authentic Kazylik, prepared according to the classic Tatar recipe, sliced into thin slices for convenient use in cafes, restaurants, hotels, shops, an — halal premium kazylyk from Kazan Delicacies, refrigerated products category. Net weight: 0,1 kg. Shelf life: 30 days. Storage: 0-12 ˚C. HALAL certified #614A/2024 (DUM RT). HACCP & ISO 22000. 100% pork-free. Wholesale from Kazan (Tatarstan, Russia). EXW Kazan / DC Lyubertsy.	https://pepperoni.tatar/en/products/kd-058	https://res.cloudinary.com/duygfl3vz/image/upload/v1772700322/kyzylyk_narezka_bez_upakovki_1.6_gtkdqm.jpg		in_stock	450.00 RUB		Kazan Delicacies	4,68E+12	999909	new	yes	5740	Refrigerated Products > Premium Kazylyk > Authentic Kazylik, prepared according to the classic Tatar recipe, sliced into thin slices for convenient use in cafes, restaurants, hotels, shops, an	RU:::0.00 RUB	0.100 kg	RU:20:y		no	adult	no	RU	Kazan Delicacies	halal	refrigerated	Premium Kazylyk		halal-#614A/2024
KD-059	Halal Gubadiya with Kort (Tatar layered pie) — Kazan Delicacies	Halal Gubadiya with Kort (Tatar layered pie) — Kazan Delicacies — halal traditional tatar pastries from Kazan Delicacies, bakery category. Net weight: 100 г kg. Shelf life: 360 days. Storage: –18°C. HALAL certified #614A/2024 (DUM RT). HACCP & ISO 22000. 100% pork-free. Wholesale from Kazan (Tatarstan, Russia). EXW Kazan / DC Lyubertsy.	https://pepperoni.tatar/en/products/kd-059	https://pepperoni.tatar/og-bakery-en.png		in_stock	56.00 RUB		Kazan Delicacies		KD-059	new	no	1876	Bakery > Traditional Tatar Pastries > Halal Gubadiya with Kort (Tatar layered pie) — Kazan Delicacies	RU:::0.00 RUB	0.100 kg	RU:20:y	48	no	adult	no	RU	Kazan Delicacies	halal	bakery	Traditional Tatar Pastries		halal-#614A/2024
KD-060	Halal Fried Cheburek (100 г kg) — Kazan Delicacies	Halal Fried Cheburek (100 г kg) — Kazan Delicacies — halal traditional tatar pastries from Kazan Delicacies, bakery category. Net weight: 100 г kg. Shelf life: 360 days. Storage: –18°C. HALAL certified #614A/2024 (DUM RT). HACCP & ISO 22000. 100% pork-free. Wholesale from Kazan (Tatarstan, Russia). EXW Kazan / DC Lyubertsy.	https://pepperoni.tatar/en/products/kd-060	https://pepperoni.tatar/og-bakery-en.png		in_stock	58.86 RUB		Kazan Delicacies		KD-060	new	no	1876	Bakery > Traditional Tatar Pastries > Halal Fried Cheburek (100 г kg) — Kazan Delicacies	RU:::0.00 RUB	0.100 kg	RU:20:y	30	no	adult	no	RU	Kazan Delicacies	halal	bakery	Traditional Tatar Pastries		halal-#614A/2024
KD-061	Halal Fried Peremyach (Tatar meat pie) — Kazan Delicacies	Halal Fried Peremyach (Tatar meat pie) — Kazan Delicacies — halal traditional tatar pastries from Kazan Delicacies, bakery category. Net weight: 100 г kg. Shelf life: 360 days. Storage: –18°C. HALAL certified #614A/2024 (DUM RT). HACCP & ISO 22000. 100% pork-free. Wholesale from Kazan (Tatarstan, Russia). EXW Kazan / DC Lyubertsy.	https://pepperoni.tatar/en/products/kd-061	https://pepperoni.tatar/og-bakery-en.png		in_stock	59.14 RUB		Kazan Delicacies		KD-061	new	no	1876	Bakery > Traditional Tatar Pastries > Halal Fried Peremyach (Tatar meat pie) — Kazan Delicacies	RU:::0.00 RUB	0.100 kg	RU:20:y	48	no	adult	no	RU	Kazan Delicacies	halal	bakery	Traditional Tatar Pastries		halal-#614A/2024
KD-062	Halal Chicken Samsa (120 г kg) — Kazan Delicacies	Halal Chicken Samsa (120 г kg) — Kazan Delicacies — halal traditional tatar pastries from Kazan Delicacies, bakery category. Net weight: 120 г kg. Shelf life: 360 days. Storage: –18°C. HALAL certified #614A/2024 (DUM RT). HACCP & ISO 22000. 100% pork-free. Wholesale from Kazan (Tatarstan, Russia). EXW Kazan / DC Lyubertsy.	https://pepperoni.tatar/en/products/kd-062	https://pepperoni.tatar/og-bakery-en.png		in_stock	61.73 RUB		Kazan Delicacies		KD-062	new	no	1876	Bakery > Traditional Tatar Pastries > Halal Chicken Samsa (120 г kg) — Kazan Delicacies	RU:::0.00 RUB	0.120 kg	RU:20:y	48	no	adult	no	RU	Kazan Delicacies	halal	bakery	Traditional Tatar Pastries		halal-#614A/2024
KD-063	Halal Echpochmak with Beef & Potato (Tatar triangle pie) — Kazan Delicacies	Halal Echpochmak with Beef & Potato (Tatar triangle pie) — Kazan Delicacies — halal traditional tatar pastries from Kazan Delicacies, bakery category. Net weight: 100 г kg. Shelf life: 360 days. Storage: –18°C. HALAL certified #614A/2024 (DUM RT). HACCP & ISO 22000. 100% pork-free. Wholesale from Kazan (Tatarstan, Russia). EXW Kazan / DC Lyubertsy.	https://pepperoni.tatar/en/products/kd-063	https://pepperoni.tatar/og-bakery-en.png		in_stock	68.77 RUB		Kazan Delicacies		KD-063	new	no	1876	Bakery > Traditional Tatar Pastries > Halal Echpochmak with Beef & Potato (Tatar triangle pie) — Kazan Delicacies	RU:::0.00 RUB	0.100 kg	RU:20:y	48	no	adult	no	RU	Kazan Delicacies	halal	bakery	Traditional Tatar Pastries		halal-#614A/2024
KD-064	Halal Beef Samsa (120 г kg) — Kazan Delicacies	Halal Beef Samsa (120 г kg) — Kazan Delicacies — halal traditional tatar pastries from Kazan Delicacies, bakery category. Net weight: 120 г kg. Shelf life: 360 days. Storage: –18°C. HALAL certified #614A/2024 (DUM RT). HACCP & ISO 22000. 100% pork-free. Wholesale from Kazan (Tatarstan, Russia). EXW Kazan / DC Lyubertsy.	https://pepperoni.tatar/en/products/kd-064	https://pepperoni.tatar/og-bakery-en.png		in_stock	73.14 RUB		Kazan Delicacies		KD-064	new	no	1876	Bakery > Traditional Tatar Pastries > Halal Beef Samsa (120 г kg) — Kazan Delicacies	RU:::0.00 RUB	0.120 kg	RU:20:y	48	no	adult	no	RU	Kazan Delicacies	halal	bakery	Traditional Tatar Pastries		halal-#614A/2024
KD-065	Halal Elesh with Chicken & Potato (Tatar pie) — Kazan Delicacies	Halal Elesh with Chicken & Potato (Tatar pie) — Kazan Delicacies — halal traditional tatar pastries from Kazan Delicacies, bakery category. Net weight: 150 г kg. Shelf life: 360 days. Storage: –18°C. HALAL certified #614A/2024 (DUM RT). HACCP & ISO 22000. 100% pork-free. Wholesale from Kazan (Tatarstan, Russia). EXW Kazan / DC Lyubertsy.	https://pepperoni.tatar/en/products/kd-065	https://pepperoni.tatar/og-bakery-en.png		in_stock	77.84 RUB		Kazan Delicacies		KD-065	new	no	1876	Bakery > Traditional Tatar Pastries > Halal Elesh with Chicken & Potato (Tatar pie) — Kazan Delicacies	RU:::0.00 RUB	0.150 kg	RU:20:y	48	no	adult	no	RU	Kazan Delicacies	halal	bakery	Traditional Tatar Pastries		halal-#614A/2024
KD-066	Halal Chak-Chak (plastic pack) — Kazan Delicacies	Halal Chak-Chak (plastic pack) — Kazan Delicacies — halal traditional tatar pastries from Kazan Delicacies, bakery category. Net weight: 300 г kg. Shelf life: 60 days. Storage: до +18°C. HALAL certified #614A/2024 (DUM RT). HACCP & ISO 22000. 100% pork-free. Wholesale from Kazan (Tatarstan, Russia). EXW Kazan / DC Lyubertsy.	https://pepperoni.tatar/en/products/kd-066	https://res.cloudinary.com/duygfl3vz/image/upload/v1778598120/products/chak-chak-bez-upakovki.jpg		in_stock	194.70 RUB		Kazan Delicacies		KD-066	new	no	1876	Bakery > Traditional Tatar Pastries > Halal Chak-Chak (plastic pack) — Kazan Delicacies	RU:::0.00 RUB	0.300 kg	RU:20:y	1	no	adult	no	RU	Kazan Delicacies	halal	bakery	Traditional Tatar Pastries		halal-#614A/2024
KD-067	Halal Chak-Chak (craft gift box) — Kazan Delicacies	Halal Chak-Chak (craft gift box) — Kazan Delicacies — halal traditional tatar pastries from Kazan Delicacies, bakery category. Net weight: 300 г kg. Shelf life: 60 days. Storage: до +18°C. HALAL certified #614A/2024 (DUM RT). HACCP & ISO 22000. 100% pork-free. Wholesale from Kazan (Tatarstan, Russia). EXW Kazan / DC Lyubertsy.	https://pepperoni.tatar/en/products/kd-067	https://res.cloudinary.com/duygfl3vz/image/upload/v1778598122/products/chak-chak.jpg		in_stock	271.70 RUB		Kazan Delicacies		KD-067	new	no	1876	Bakery > Traditional Tatar Pastries > Halal Chak-Chak (craft gift box) — Kazan Delicacies	RU:::0.00 RUB	0.300 kg	RU:20:y	1	no	adult	no	RU	Kazan Delicacies	halal	bakery	Traditional Tatar Pastries		halal-#614A/2024
KD-068	Halal Cottage Cheese Sochnik (100 г kg) — Kazan Delicacies	Halal Cottage Cheese Sochnik (100 г kg) — Kazan Delicacies — halal classic pastries from Kazan Delicacies, bakery category. Net weight: 100 г kg. Shelf life: 360 days. Storage: –18°C. HALAL certified #614A/2024 (DUM RT). HACCP & ISO 22000. 100% pork-free. Wholesale from Kazan (Tatarstan, Russia). EXW Kazan / DC Lyubertsy.	https://pepperoni.tatar/en/products/kd-068	https://pepperoni.tatar/og-bakery-en.png		in_stock	44.00 RUB		Kazan Delicacies		KD-068	new	no	1876	Bakery > Classic Pastries > Halal Cottage Cheese Sochnik (100 г kg) — Kazan Delicacies	RU:::0.00 RUB	0.100 kg	RU:20:y	30	no	adult	no	RU	Kazan Delicacies	halal	bakery	Classic Pastries		halal-#614A/2024
KD-069	Halal Baked Potato Pie (100 г kg) — Kazan Delicacies	Halal Baked Potato Pie (100 г kg) — Kazan Delicacies — halal classic pastries from Kazan Delicacies, bakery category. Net weight: 100 г kg. Shelf life: 360 days. Storage: –18°C. HALAL certified #614A/2024 (DUM RT). HACCP & ISO 22000. 100% pork-free. Wholesale from Kazan (Tatarstan, Russia). EXW Kazan / DC Lyubertsy.	https://pepperoni.tatar/en/products/kd-069	https://pepperoni.tatar/og-bakery-en.png		in_stock	44.74 RUB		Kazan Delicacies		KD-069	new	no	1876	Bakery > Classic Pastries > Halal Baked Potato Pie (100 г kg) — Kazan Delicacies	RU:::0.00 RUB	0.100 kg	RU:20:y	48	no	adult	no	RU	Kazan Delicacies	halal	bakery	Classic Pastries		halal-#614A/2024
KD-070	Halal Syrnik (cottage cheese pancake) — Kazan Delicacies	Halal Syrnik (cottage cheese pancake) — Kazan Delicacies — halal classic pastries from Kazan Delicacies, bakery category. Net weight: 70 г kg. Shelf life: 360 days. Storage: –18°C. HALAL certified #614A/2024 (DUM RT). HACCP & ISO 22000. 100% pork-free. Wholesale from Kazan (Tatarstan, Russia). EXW Kazan / DC Lyubertsy.	https://pepperoni.tatar/en/products/kd-070	https://pepperoni.tatar/og-bakery-en.png		in_stock	45.10 RUB		Kazan Delicacies		KD-070	new	no	1876	Bakery > Classic Pastries > Halal Syrnik (cottage cheese pancake) — Kazan Delicacies	RU:::0.00 RUB	0.070 kg	RU:20:y	48	no	adult	no	RU	Kazan Delicacies	halal	bakery	Classic Pastries		halal-#614A/2024
KD-071	Halal Apple Pie (100 г kg) — Kazan Delicacies	Halal Apple Pie (100 г kg) — Kazan Delicacies — halal classic pastries from Kazan Delicacies, bakery category. Net weight: 100 г kg. Shelf life: 360 days. Storage: –18°C. HALAL certified #614A/2024 (DUM RT). HACCP & ISO 22000. 100% pork-free. Wholesale from Kazan (Tatarstan, Russia). EXW Kazan / DC Lyubertsy.	https://pepperoni.tatar/en/products/kd-071	https://pepperoni.tatar/og-bakery-en.png		in_stock	49.50 RUB		Kazan Delicacies		KD-071	new	no	1876	Bakery > Classic Pastries > Halal Apple Pie (100 г kg) — Kazan Delicacies	RU:::0.00 RUB	0.100 kg	RU:20:y	36	no	adult	no	RU	Kazan Delicacies	halal	bakery	Classic Pastries		halal-#614A/2024
KD-072	Halal Spring Onion & Egg Pie (100 г kg) — Kazan Delicacies	Halal Spring Onion & Egg Pie (100 г kg) — Kazan Delicacies — halal classic pastries from Kazan Delicacies, bakery category. Net weight: 100 г kg. Shelf life: 360 days. Storage: –18°C. HALAL certified #614A/2024 (DUM RT). HACCP & ISO 22000. 100% pork-free. Wholesale from Kazan (Tatarstan, Russia). EXW Kazan / DC Lyubertsy.	https://pepperoni.tatar/en/products/kd-072	https://pepperoni.tatar/og-bakery-en.png		in_stock	58.52 RUB		Kazan Delicacies		KD-072	new	no	1876	Bakery > Classic Pastries > Halal Spring Onion & Egg Pie (100 г kg) — Kazan Delicacies	RU:::0.00 RUB	0.100 kg	RU:20:y	48	no	adult	no	RU	Kazan Delicacies	halal	bakery	Classic Pastries		halal-#614A/2024
KD-073	Halal Orange Muffin (100 г kg) — Kazan Delicacies	Halal Orange Muffin (100 г kg) — Kazan Delicacies — halal classic pastries from Kazan Delicacies, bakery category. Net weight: 100 г kg. Shelf life: 360 days. Storage: –18°C. HALAL certified #614A/2024 (DUM RT). HACCP & ISO 22000. 100% pork-free. Wholesale from Kazan (Tatarstan, Russia). EXW Kazan / DC Lyubertsy.	https://pepperoni.tatar/en/products/kd-073	https://pepperoni.tatar/og-bakery-en.png		in_stock	67.55 RUB		Kazan Delicacies		KD-073	new	no	1876	Bakery > Classic Pastries > Halal Orange Muffin (100 г kg) — Kazan Delicacies	RU:::0.00 RUB	0.100 kg	RU:20:y	24	no	adult	no	RU	Kazan Delicacies	halal	bakery	Classic Pastries		halal-#614A/2024
KD-074	Halal Sausage Roll (120 г kg) — Kazan Delicacies	Halal Sausage Roll (120 г kg) — Kazan Delicacies — halal classic pastries from Kazan Delicacies, bakery category. Net weight: 120 г kg. Shelf life: 360 days. Storage: –18°C. HALAL certified #614A/2024 (DUM RT). HACCP & ISO 22000. 100% pork-free. Wholesale from Kazan (Tatarstan, Russia). EXW Kazan / DC Lyubertsy.	https://pepperoni.tatar/en/products/kd-074	https://pepperoni.tatar/og-bakery-en.png		in_stock	69.03 RUB		Kazan Delicacies		KD-074	new	no	1876	Bakery > Classic Pastries > Halal Sausage Roll (120 г kg) — Kazan Delicacies	RU:::0.00 RUB	0.120 kg	RU:20:y	48	no	adult	no	RU	Kazan Delicacies	halal	bakery	Classic Pastries		halal-#614A/2024
KD-075	Halal Cherry Pie (100 г kg) — Kazan Delicacies	Halal Cherry Pie (100 г kg) — Kazan Delicacies — halal classic pastries from Kazan Delicacies, bakery category. Net weight: 100 г kg. Shelf life: 360 days. Storage: –18°C. HALAL certified #614A/2024 (DUM RT). HACCP & ISO 22000. 100% pork-free. Wholesale from Kazan (Tatarstan, Russia). EXW Kazan / DC Lyubertsy.	https://pepperoni.tatar/en/products/kd-075	https://pepperoni.tatar/og-bakery-en.png		in_stock	71.50 RUB		Kazan Delicacies		KD-075	new	no	1876	Bakery > Classic Pastries > Halal Cherry Pie (100 г kg) — Kazan Delicacies	RU:::0.00 RUB	0.100 kg	RU:20:y	48	no	adult	no	RU	Kazan Delicacies	halal	bakery	Classic Pastries		halal-#614A/2024
KD-076	Halal Chocolate & Nut Croissant (90 г kg) — Kazan Delicacies	Halal Chocolate & Nut Croissant (90 г kg) — Kazan Delicacies — halal classic pastries from Kazan Delicacies, bakery category. Net weight: 90 г kg. Shelf life: 360 days. Storage: –18°C. HALAL certified #614A/2024 (DUM RT). HACCP & ISO 22000. 100% pork-free. Wholesale from Kazan (Tatarstan, Russia). EXW Kazan / DC Lyubertsy.	https://pepperoni.tatar/en/products/kd-076	https://pepperoni.tatar/og-bakery-en.png		in_stock	72.60 RUB		Kazan Delicacies		KD-076	new	no	1876	Bakery > Classic Pastries > Halal Chocolate & Nut Croissant (90 г kg) — Kazan Delicacies	RU:::0.00 RUB	0.090 kg	RU:20:y	20	no	adult	no	RU	Kazan Delicacies	halal	bakery	Classic Pastries		halal-#614A/2024
KD-077	Halal Chocolate Muffin (100 г kg) — Kazan Delicacies	Halal Chocolate Muffin (100 г kg) — Kazan Delicacies — halal classic pastries from Kazan Delicacies, bakery category. Net weight: 100 г kg. Shelf life: 360 days. Storage: –18°C. HALAL certified #614A/2024 (DUM RT). HACCP & ISO 22000. 100% pork-free. Wholesale from Kazan (Tatarstan, Russia). EXW Kazan / DC Lyubertsy.	https://pepperoni.tatar/en/products/kd-077	https://pepperoni.tatar/og-bakery-en.png		in_stock	73.64 RUB		Kazan Delicacies		KD-077	new	no	1876	Bakery > Classic Pastries > Halal Chocolate Muffin (100 г kg) — Kazan Delicacies	RU:::0.00 RUB	0.100 kg	RU:20:y	24	no	adult	no	RU	Kazan Delicacies	halal	bakery	Classic Pastries		halal-#614A/2024
